<LightningComponentBundle xmlns="http://soap.sforce.com/2006/04/metadata">
	<apiVersion>48.0</apiVersion>
	<isExposed>true</isExposed>
	<masterLabel>Oauth Callback Component</masterLabel>
	<description>This component is used to test the oAuth 2.O concept for authentication</description>
	<targets>
		<target>lightning__AppPage</target>
		<target>lightning__HomePage</target>
	</targets>
	<targetConfigs>
		<targetConfig targets="lightning__AppPage">
			<property name="code" type="String" default="{!code}" description="The value for this code will be coming from the URL" label="Auth Code" placeholder="Use {!code} as a value to read the auth code from the URL" required="true" />
			<supportedFormFactors>
				<supportedFormFactor type="Small"/>
				<supportedFormFactor type="Large"/>
			</supportedFormFactors>
		</targetConfig>
		<targetConfig targets="lightning__HomePage">
			<property name="code" type="String" default="{!code}" description="The value for this code will be coming from the URL" label="Auth Code" placeholder="Use {!code} as a value to read the auth code from the URL" required="true" />
			<supportedFormFactors>
				<supportedFormFactor type="Large"/>
			</supportedFormFactors>
		</targetConfig>
	</targetConfigs>
</LightningComponentBundle>