<?xml version="1.0" encoding="UTF-8"?>
<LightningComponentBundle xmlns="http://soap.sforce.com/2006/04/metadata">
    <apiVersion>48.0</apiVersion>
    <isExposed>true</isExposed>
    <masterLabel>Event Dashboard Component</masterLabel>
    <targets>
        <target>lightningCommunity__Page</target>
        <target>lightningCommunity__Default</target>
        <target>lightningCommunity__Page_Layout</target>
        <target>lightningCommunity__Theme_Layout</target>
    </targets>
</LightningComponentBundle>