<?xml version="1.0" encoding="UTF-8"?>
<LightningComponentBundle xmlns="http://soap.sforce.com/2006/04/metadata">
    <apiVersion>48.0</apiVersion>
    <isExposed>true</isExposed>
    <masterLabel>Event Detail Component</masterLabel>
    <targets>
        <target>lightningCommunity__Page</target>
        <target>lightningCommunity__Default</target>
    </targets>
    <!-- Configuring the design attributes -->
    <targetConfigs>
        <targetConfig targets="lightningCommunity__Default">
            <property name="eventId" type="String" label="Event Record Id"/>
            <property name="source" type="String" label="Event Source"/>
        </targetConfig>
    </targetConfigs>
</LightningComponentBundle>