<LightningComponentBundle xmlns="http://soap.sforce.com/2006/04/metadata">
	<apiVersion>52.0</apiVersion>
	<isExposed>true</isExposed>
	<masterLabel>Lwc builde demo2</masterLabel>
	<targets>
		<target>lightning__AppPage</target>
		<target>lightning__HomePage</target>
		<target>lightning__RecordPage</target>
	</targets>
	<targetConfigs>
		<targetConfig targets="lightning__AppPage">
			<supportedFormFactors>
				<supportedFormFactor type="Small"/>
				<supportedFormFactor type="Large"/>
			</supportedFormFactors>
		</targetConfig>
		<targetConfig targets="lightning__HomePage">
			<supportedFormFactors>
				<supportedFormFactor type="Large"/>
			</supportedFormFactors>
		</targetConfig>
		<targetConfig targets="lightning__RecordPage">
			<supportedFormFactors>
				<supportedFormFactor type="Small"/>
				<supportedFormFactor type="Large"/>
			</supportedFormFactors>
		</targetConfig>
	</targetConfigs>
</LightningComponentBundle>